,2026,2027,2028,2029,2030,2031,2032,2036,2046,2056
6,,,0.0,0.0,6.883925990725439e-05,0.0003549706913238142,0.0011923312136961424,0.0208325449808685,0.1748225967961355,0.335188923309233
7,,0.0,0.0,7.948538812720365e-05,0.000315298591182464,0.0011723436260703858,0.003066520370199985,0.033295314252290216,0.2123982024838248,0.3788704466351743
8,0.0,0.0,0.0002560538985842004,0.0006781063310756365,0.0014910708214478127,0.0034953403549406337,0.006903820549423833,0.04982809915899264,0.25764496423651706,0.43111516024033086
9,0.0,0.0003005368220112579,0.0015786392032577424,0.002986109567521657,0.0048755141079455154,0.008265962976119067,0.01785655882108369,0.0703501815900248,0.30942682132985316,0.49077637020292003
10,0.0001546603256051867,0.0008663605949943621,0.0028100510756013733,0.0074175032329322444,0.015169474505619,0.03624215063318159,0.058543236028161125,0.1725973814191778,0.5175791291514908,0.7438134450168394
11,0.0004565745078402293,0.0018218385093905732,0.004634955281167388,0.009691847591735563,0.023989435243658576,0.041033967539357286,0.05932219795719403,0.1632660248733426,0.471423149687964,0.671203006328887
12,0.0009631002542625068,0.0028551170066580876,0.00606409505286404,0.016363998388438602,0.02906828181015069,0.04387456849619417,0.06091437566208875,0.1698804048955271,0.472733244509165,0.6631134413352331
13,0.003164222300089471,0.00865098262557575,0.02587989479972238,0.045582853662412756,0.06747731309988346,0.09189050968950827,0.1179631984987462,0.2791827105905415,0.6365992172054712,0.8482843542199421
14,0.006814297091314361,0.029374424443069425,0.05594103123850662,0.08550340215385885,0.11733317872761698,0.15087938842756077,0.19957426723290178,0.40664680621373606,0.8223904567937347,1.053112971913672
15,0.02876664772657364,0.06251754134976817,0.10021031124860999,0.14070271523085606,0.1827468078867832,0.24238704875331163,0.304385605125145,0.5527174256450572,1.02386430823432,1.2784506850131694
