,location,par1,par2,dist
0,Zambia,17.38777372262774,3.0722823736408666,normal
1,Zambia Western,15.448717948717949,2.977119856806692,normal
2,Zambia Luapula,17.49185667752443,3.151276509482404,normal
3,Zambia Ultra High Risk,15.448717948717949,2.977119856806692,normal
4,Cote d'Ivoire,18.94689378757515,3.341548961398317,normal
5,Cote d'Ivoire Denguele,20.110795626748953,3.1565704032272506,normal
6,Cote d'Ivoire Ultra High Risk,20.110795626748953,3.1565704032272506,normal
7,Sierra Leone,19.7742511,3.2513646,normal
8,Sierra Leone High Risk,19.7742511,3.2513646,normal
9,Sierra Leone Ultra High Risk,19.7742511,3.2513646,normal