,location,par1,par2,dist
0,Zambia,16.01390604812954,2.1573066798016223,lognormal
1,Zambia Western,14.98404021688798,1.8210262600463798,lognormal
2,Zambia Luapula,16.04751646813003,2.2466679276858246,lognormal
3,Zambia Ultra High Risk,14.284499605204385,1.5571384238585926,lognormal
4,Cote d'Ivoire,15.830050701471992,2.1286055918457367,lognormal
5,Cote d'Ivoire Denguele,15.525642876182895,2.4016420592964307,lognormal
6,Cote d'Ivoire Ultra High Risk,14.615296132200804,2.0660061625031534,lognormal
7,Sierra Leone,15.482942915406039,2.1158399388872478,lognormal
8,Sierra Leone High Risk,14.482942915406039,2.1158399388872478,lognormal
9,Sierra Leone Ultra High Risk,13.482942915406039,2.1158399388872478,lognormal
